{"cameraMode":{"drawMode":0,"name":"Shaded","section":"Shading Mode"},"sceneLighting":true,"audioPlay":false,"sceneViewState":{"showFog":false,"showMaterialUpdate":false,"showSkybox":false,"showFlares":false,"showImageEffects":false,"showParticleSystems":false},"in2DMode":false,"pivot":{"x":-1.9452457427978516,"y":-4.115541934967041,"z":-13.787854194641114},"rotation":{"x":-0.018506009131669999,"y":0.9798349738121033,"z":-0.16649073362350465,"w":-0.1089121401309967},"size":10.0,"orthographic":false}